<?xml version="1.0" encoding="UTF-8"?>
<unload unload_date="2016-03-25 15:15:28">
<sys_remote_update_set action="INSERT_OR_UPDATE">
<application display_value="Global">global</application>
<application_name>Global</application_name>
<application_scope>global</application_scope>
<application_version/>
<collisions/>
<commit_date/>
<deleted/>
<description>Create a table  with Admin ACL's only.  Used for GlideRecordSecure lab 1.2</description>
<inserted/>
<name>GlideRecordSecure - Lab 1.2</name>
<origin_sys_id/>
<release_date/>
<remote_sys_id>a6cb5b3213d212001cdf5aef3244b015</remote_sys_id>
<state>loaded</state>
<summary/>
<sys_class_name>sys_remote_update_set</sys_class_name>
<sys_created_by>admin</sys_created_by>
<sys_created_on>2016-03-25 15:15:28</sys_created_on>
<sys_id>a42ed77213d212001cdf5aef3244b050</sys_id>
<sys_mod_count>0</sys_mod_count>
<sys_updated_by>admin</sys_updated_by>
<sys_updated_on>2016-03-25 15:15:28</sys_updated_on>
<update_set display_value=""/>
<update_source display_value=""/>
<updated/>
</sys_remote_update_set>
<sys_update_xml action="INSERT_OR_UPDATE">
<action>INSERT_OR_UPDATE</action>
<application display_value="Global">global</application>
<category>customer</category>
<comments/>
<name>sys_security_acl_011d537213d212001cdf5aef3244b06e</name>
<payload><![CDATA[<?xml version="1.0" encoding="UTF-8"?><record_update table="sys_security_acl"><sys_security_acl action="INSERT_OR_UPDATE"><active>true</active><admin_overrides>true</admin_overrides><advanced>false</advanced><condition/><description>Default access control on u_top_secret_stuff</description><name>u_top_secret_stuff</name><operation display_value="write">write</operation><script/><sys_class_name>sys_security_acl</sys_class_name><sys_created_by>admin</sys_created_by><sys_created_on>2016-03-25 15:10:51</sys_created_on><sys_customer_update>true</sys_customer_update><sys_id>011d537213d212001cdf5aef3244b06e</sys_id><sys_mod_count>0</sys_mod_count><sys_name>u_top_secret_stuff</sys_name><sys_package display_value="Global" source="global">global</sys_package><sys_policy/><sys_replace_on_upgrade>false</sys_replace_on_upgrade><sys_scope display_value="Global">global</sys_scope><sys_update_name>sys_security_acl_011d537213d212001cdf5aef3244b06e</sys_update_name><sys_updated_by>admin</sys_updated_by><sys_updated_on>2016-03-25 15:10:51</sys_updated_on><type display_value="record">record</type></sys_security_acl></record_update>]]></payload>
<remote_update_set display_value="GlideRecordSecure - Lab 1.2">a42ed77213d212001cdf5aef3244b050</remote_update_set>
<replace_on_upgrade>false</replace_on_upgrade>
<sys_created_by>admin</sys_created_by>
<sys_created_on>2016-03-25 15:15:28</sys_created_on>
<sys_id>202ed77213d212001cdf5aef3244b051</sys_id>
<sys_mod_count>0</sys_mod_count>
<sys_updated_by>admin</sys_updated_by>
<sys_updated_on>2016-03-25 15:15:28</sys_updated_on>
<table>u_top_secret_stuff</table>
<target_name>u_top_secret_stuff</target_name>
<type>Access Control</type>
<update_domain>global</update_domain>
<update_set display_value=""/>
<view/>
</sys_update_xml>
<sys_update_xml action="INSERT_OR_UPDATE">
<action>INSERT_OR_UPDATE</action>
<application display_value="Global">global</application>
<category>customer</category>
<comments/>
<name>sys_security_acl_role_011d537213d212001cdf5aef3244b070</name>
<payload><![CDATA[<?xml version="1.0" encoding="UTF-8"?><record_update table="sys_security_acl_role"><sys_security_acl_role action="INSERT_OR_UPDATE"><sys_class_name>sys_security_acl_role</sys_class_name><sys_created_by>admin</sys_created_by><sys_created_on>2016-03-25 15:10:51</sys_created_on><sys_customer_update>true</sys_customer_update><sys_id>011d537213d212001cdf5aef3244b070</sys_id><sys_mod_count>0</sys_mod_count><sys_name>u_top_secret_stuff.u_top_secret_stuff_user</sys_name><sys_package display_value="Global" source="global">global</sys_package><sys_policy/><sys_replace_on_upgrade>false</sys_replace_on_upgrade><sys_scope display_value="Global">global</sys_scope><sys_security_acl display_value="u_top_secret_stuff">451d537213d212001cdf5aef3244b06f</sys_security_acl><sys_update_name>sys_security_acl_role_011d537213d212001cdf5aef3244b070</sys_update_name><sys_updated_by>admin</sys_updated_by><sys_updated_on>2016-03-25 15:10:51</sys_updated_on><sys_user_role display_value="u_top_secret_stuff_user" name="u_top_secret_stuff_user">181d9f3213d212001cdf5aef3244b0de</sys_user_role><transaction_id/></sys_security_acl_role></record_update>]]></payload>
<remote_update_set display_value="GlideRecordSecure - Lab 1.2">a42ed77213d212001cdf5aef3244b050</remote_update_set>
<replace_on_upgrade>false</replace_on_upgrade>
<sys_created_by>admin</sys_created_by>
<sys_created_on>2016-03-25 15:15:28</sys_created_on>
<sys_id>242ed77213d212001cdf5aef3244b051</sys_id>
<sys_mod_count>0</sys_mod_count>
<sys_updated_by>admin</sys_updated_by>
<sys_updated_on>2016-03-25 15:15:28</sys_updated_on>
<table>u_top_secret_stuff</table>
<target_name>u_top_secret_stuff.u_top_secret_stuff_user</target_name>
<type>Access Roles</type>
<update_domain>global</update_domain>
<update_set display_value=""/>
<view/>
</sys_update_xml>
<sys_update_xml action="INSERT_OR_UPDATE">
<action>INSERT_OR_UPDATE</action>
<application display_value="Global">global</application>
<category>customer</category>
<comments/>
<name>sys_dictionary_u_top_secret_stuff_null</name>
<payload>&lt;?xml version="1.0" encoding="UTF-8"?&gt;&lt;record_update&gt;&lt;sys_dictionary action="INSERT_OR_UPDATE" element="" table="u_top_secret_stuff"&gt;&lt;active&gt;true&lt;/active&gt;&lt;array&gt;false&lt;/array&gt;&lt;attributes/&gt;&lt;audit&gt;false&lt;/audit&gt;&lt;calculation&gt;&lt;![CDATA[(function calculatedFieldValue(current) {

	// Add your code here
	return '';  // return the calculated value

})(current);]]&gt;&lt;/calculation&gt;&lt;choice/&gt;&lt;choice_field/&gt;&lt;choice_table/&gt;&lt;column_label/&gt;&lt;comments/&gt;&lt;create_roles/&gt;&lt;default_value/&gt;&lt;defaultsort/&gt;&lt;delete_roles/&gt;&lt;dependent/&gt;&lt;dependent_on_field/&gt;&lt;display&gt;false&lt;/display&gt;&lt;dynamic_creation&gt;false&lt;/dynamic_creation&gt;&lt;dynamic_creation_script/&gt;&lt;dynamic_default_value/&gt;&lt;dynamic_ref_qual/&gt;&lt;element/&gt;&lt;element_reference&gt;false&lt;/element_reference&gt;&lt;foreign_database/&gt;&lt;internal_type display_value="Collection"&gt;collection&lt;/internal_type&gt;&lt;mandatory&gt;false&lt;/mandatory&gt;&lt;max_length&gt;40&lt;/max_length&gt;&lt;name&gt;u_top_secret_stuff&lt;/name&gt;&lt;next_element/&gt;&lt;primary&gt;false&lt;/primary&gt;&lt;read_only&gt;false&lt;/read_only&gt;&lt;read_roles/&gt;&lt;reference/&gt;&lt;reference_cascade_rule/&gt;&lt;reference_floats&gt;false&lt;/reference_floats&gt;&lt;reference_key/&gt;&lt;reference_qual/&gt;&lt;reference_qual_condition/&gt;&lt;reference_type/&gt;&lt;sizeclass/&gt;&lt;spell_check&gt;false&lt;/spell_check&gt;&lt;staged&gt;false&lt;/staged&gt;&lt;sys_class_name&gt;sys_dictionary&lt;/sys_class_name&gt;&lt;sys_created_by&gt;admin&lt;/sys_created_by&gt;&lt;sys_created_on&gt;2016-03-25 15:10:51&lt;/sys_created_on&gt;&lt;sys_customer_update&gt;true&lt;/sys_customer_update&gt;&lt;sys_id&gt;491d537213d212001cdf5aef3244b070&lt;/sys_id&gt;&lt;sys_mod_count&gt;0&lt;/sys_mod_count&gt;&lt;sys_name&gt;u_top_secret_stuff&lt;/sys_name&gt;&lt;sys_package display_value="Global" source="global"&gt;global&lt;/sys_package&gt;&lt;sys_policy/&gt;&lt;sys_replace_on_upgrade&gt;false&lt;/sys_replace_on_upgrade&gt;&lt;sys_scope display_value="Global"&gt;global&lt;/sys_scope&gt;&lt;sys_update_name&gt;sys_dictionary_u_top_secret_stuff_null&lt;/sys_update_name&gt;&lt;sys_updated_by&gt;admin&lt;/sys_updated_by&gt;&lt;sys_updated_on&gt;2016-03-25 15:10:51&lt;/sys_updated_on&gt;&lt;table_reference&gt;false&lt;/table_reference&gt;&lt;text_index&gt;false&lt;/text_index&gt;&lt;unique&gt;false&lt;/unique&gt;&lt;use_dependent_field&gt;false&lt;/use_dependent_field&gt;&lt;use_dynamic_default&gt;false&lt;/use_dynamic_default&gt;&lt;use_reference_qualifier&gt;simple&lt;/use_reference_qualifier&gt;&lt;virtual&gt;false&lt;/virtual&gt;&lt;widget/&gt;&lt;write_roles/&gt;&lt;xml_view&gt;false&lt;/xml_view&gt;&lt;/sys_dictionary&gt;&lt;/record_update&gt;</payload>
<remote_update_set display_value="GlideRecordSecure - Lab 1.2">a42ed77213d212001cdf5aef3244b050</remote_update_set>
<replace_on_upgrade>false</replace_on_upgrade>
<sys_created_by>admin</sys_created_by>
<sys_created_on>2016-03-25 15:15:28</sys_created_on>
<sys_id>282ed77213d212001cdf5aef3244b050</sys_id>
<sys_mod_count>0</sys_mod_count>
<sys_updated_by>admin</sys_updated_by>
<sys_updated_on>2016-03-25 15:15:28</sys_updated_on>
<table>u_top_secret_stuff</table>
<target_name>Top Secret Stuff</target_name>
<type>Dictionary</type>
<update_domain>global</update_domain>
<update_set display_value=""/>
<view/>
</sys_update_xml>
<sys_update_xml action="INSERT_OR_UPDATE">
<action>INSERT_OR_UPDATE</action>
<application display_value="Global">global</application>
<category>customer</category>
<comments/>
<name>sys_ui_section_795d537213d212001cdf5aef3244b0af</name>
<payload><![CDATA[<?xml version="1.0" encoding="UTF-8"?><record_update><sys_ui_section caption="" section_id="795d537213d212001cdf5aef3244b0af" sys_domain="global" table="u_top_secret_stuff" version="3" view=""><sys_ui_element action="INSERT_OR_UPDATE"><element>.begin_split</element><position>0</position><sys_created_by>admin</sys_created_by><sys_created_on>2016-03-25 15:12:00</sys_created_on><sys_id>fd5d537213d212001cdf5aef3244b0af</sys_id><sys_mod_count>0</sys_mod_count><sys_ui_formatter/><sys_ui_section caption="NULL" display_value="" name="u_top_secret_stuff" sys_domain="global" view="Default view">795d537213d212001cdf5aef3244b0af</sys_ui_section><sys_updated_by>admin</sys_updated_by><sys_updated_on>2016-03-25 15:12:00</sys_updated_on><sys_user/><type>.begin_split</type></sys_ui_element><sys_ui_element action="INSERT_OR_UPDATE"><element>u_identifier</element><position>1</position><sys_created_by>admin</sys_created_by><sys_created_on>2016-03-25 15:12:00</sys_created_on><sys_id>315d537213d212001cdf5aef3244b0b0</sys_id><sys_mod_count>0</sys_mod_count><sys_ui_formatter/><sys_ui_section caption="NULL" display_value="" name="u_top_secret_stuff" sys_domain="global" view="Default view">795d537213d212001cdf5aef3244b0af</sys_ui_section><sys_updated_by>admin</sys_updated_by><sys_updated_on>2016-03-25 15:12:00</sys_updated_on><sys_user/><type/></sys_ui_element><sys_ui_element action="INSERT_OR_UPDATE"><element>u_super_important_information</element><position>2</position><sys_created_by>admin</sys_created_by><sys_created_on>2016-03-25 15:12:00</sys_created_on><sys_id>715d537213d212001cdf5aef3244b0b0</sys_id><sys_mod_count>0</sys_mod_count><sys_ui_formatter/><sys_ui_section caption="NULL" display_value="" name="u_top_secret_stuff" sys_domain="global" view="Default view">795d537213d212001cdf5aef3244b0af</sys_ui_section><sys_updated_by>admin</sys_updated_by><sys_updated_on>2016-03-25 15:12:00</sys_updated_on><sys_user/><type/></sys_ui_element><sys_ui_element action="INSERT_OR_UPDATE"><element>.split</element><position>3</position><sys_created_by>admin</sys_created_by><sys_created_on>2016-03-25 15:12:00</sys_created_on><sys_id>b15d537213d212001cdf5aef3244b0b0</sys_id><sys_mod_count>0</sys_mod_count><sys_ui_formatter/><sys_ui_section caption="NULL" display_value="" name="u_top_secret_stuff" sys_domain="global" view="Default view">795d537213d212001cdf5aef3244b0af</sys_ui_section><sys_updated_by>admin</sys_updated_by><sys_updated_on>2016-03-25 15:12:00</sys_updated_on><sys_user/><type>.split</type></sys_ui_element><sys_ui_element action="INSERT_OR_UPDATE"><element>u_i_was_here</element><position>4</position><sys_created_by>admin</sys_created_by><sys_created_on>2016-03-25 15:12:00</sys_created_on><sys_id>f15d537213d212001cdf5aef3244b0b0</sys_id><sys_mod_count>0</sys_mod_count><sys_ui_formatter/><sys_ui_section caption="NULL" display_value="" name="u_top_secret_stuff" sys_domain="global" view="Default view">795d537213d212001cdf5aef3244b0af</sys_ui_section><sys_updated_by>admin</sys_updated_by><sys_updated_on>2016-03-25 15:12:00</sys_updated_on><sys_user/><type/></sys_ui_element><sys_ui_element action="INSERT_OR_UPDATE"><element>.end_split</element><position>5</position><sys_created_by>admin</sys_created_by><sys_created_on>2016-03-25 15:12:00</sys_created_on><sys_id>355d537213d212001cdf5aef3244b0b0</sys_id><sys_mod_count>0</sys_mod_count><sys_ui_formatter/><sys_ui_section caption="NULL" display_value="" name="u_top_secret_stuff" sys_domain="global" view="Default view">795d537213d212001cdf5aef3244b0af</sys_ui_section><sys_updated_by>admin</sys_updated_by><sys_updated_on>2016-03-25 15:12:00</sys_updated_on><sys_user/><type>.end_split</type></sys_ui_element><sys_ui_section action="INSERT_OR_UPDATE"><caption/><header>false</header><name>u_top_secret_stuff</name><roles/><sys_class_name>sys_ui_section</sys_class_name><sys_created_by>admin</sys_created_by><sys_created_on>2016-03-25 15:12:00</sys_created_on><sys_customer_update>true</sys_customer_update><sys_domain>global</sys_domain><sys_domain_path>/</sys_domain_path><sys_id>795d537213d212001cdf5aef3244b0af</sys_id><sys_mod_count>0</sys_mod_count><sys_name>u_top_secret_stuff</sys_name><sys_overrides/><sys_package display_value="Global" source="global">global</sys_package><sys_policy/><sys_replace_on_upgrade>false</sys_replace_on_upgrade><sys_scope display_value="Global">global</sys_scope><sys_update_name>sys_ui_section_795d537213d212001cdf5aef3244b0af</sys_update_name><sys_updated_by>admin</sys_updated_by><sys_updated_on>2016-03-25 15:12:00</sys_updated_on><sys_user/><title>true</title><view display_value="Default view" name="NULL">Default view</view><view_name/></sys_ui_section></sys_ui_section></record_update>]]></payload>
<remote_update_set display_value="GlideRecordSecure - Lab 1.2">a42ed77213d212001cdf5aef3244b050</remote_update_set>
<replace_on_upgrade>false</replace_on_upgrade>
<sys_created_by>admin</sys_created_by>
<sys_created_on>2016-03-25 15:15:28</sys_created_on>
<sys_id>282ed77213d212001cdf5aef3244b051</sys_id>
<sys_mod_count>0</sys_mod_count>
<sys_updated_by>admin</sys_updated_by>
<sys_updated_on>2016-03-25 15:15:28</sys_updated_on>
<table>u_top_secret_stuff</table>
<target_name>Top Secret Stuff</target_name>
<type>Form Layout</type>
<update_domain>global</update_domain>
<update_set display_value=""/>
<view/>
</sys_update_xml>
<sys_update_xml action="INSERT_OR_UPDATE">
<action>INSERT_OR_UPDATE</action>
<application display_value="Global">global</application>
<category>customer</category>
<comments/>
<name>sys_documentation_u_top_secret_stuff_u_identifier_en</name>
<payload><![CDATA[<?xml version="1.0" encoding="UTF-8"?><record_update><sys_documentation element="u_identifier" label="Identifier" language="en" table="u_top_secret_stuff"><sys_documentation action="INSERT_OR_UPDATE"><element>u_identifier</element><help/><hint/><label>Identifier</label><language>en</language><name>u_top_secret_stuff</name><plural>Identifiers</plural><sys_class_name>sys_documentation</sys_class_name><sys_created_by>admin</sys_created_by><sys_created_on>2016-03-25 15:10:52</sys_created_on><sys_customer_update>false</sys_customer_update><sys_id>411d537213d212001cdf5aef3244b073</sys_id><sys_mod_count>0</sys_mod_count><sys_name>Identifier</sys_name><sys_package display_value="Global" source="global">global</sys_package><sys_policy/><sys_replace_on_upgrade>false</sys_replace_on_upgrade><sys_scope display_value="Global">global</sys_scope><sys_update_name>sys_documentation_u_top_secret_stuff_u_identifier_en</sys_update_name><sys_updated_by>admin</sys_updated_by><sys_updated_on>2016-03-25 15:10:52</sys_updated_on><url/><url_target/></sys_documentation></sys_documentation></record_update>]]></payload>
<remote_update_set display_value="GlideRecordSecure - Lab 1.2">a42ed77213d212001cdf5aef3244b050</remote_update_set>
<replace_on_upgrade>false</replace_on_upgrade>
<sys_created_by>admin</sys_created_by>
<sys_created_on>2016-03-25 15:15:28</sys_created_on>
<sys_id>2c2ed77213d212001cdf5aef3244b050</sys_id>
<sys_mod_count>0</sys_mod_count>
<sys_updated_by>admin</sys_updated_by>
<sys_updated_on>2016-03-25 15:15:28</sys_updated_on>
<table>u_top_secret_stuff</table>
<target_name>Top Secret Stuff.Identifier</target_name>
<type>Field Label</type>
<update_domain>global</update_domain>
<update_set display_value=""/>
<view/>
</sys_update_xml>
<sys_update_xml action="INSERT_OR_UPDATE">
<action>INSERT_OR_UPDATE</action>
<application display_value="Global">global</application>
<category>customer</category>
<comments/>
<name>sys_security_acl_451d537213d212001cdf5aef3244b06f</name>
<payload><![CDATA[<?xml version="1.0" encoding="UTF-8"?><record_update table="sys_security_acl"><sys_security_acl action="INSERT_OR_UPDATE"><active>true</active><admin_overrides>true</admin_overrides><advanced>false</advanced><condition/><description>Default access control on u_top_secret_stuff</description><name>u_top_secret_stuff</name><operation display_value="delete">delete</operation><script/><sys_class_name>sys_security_acl</sys_class_name><sys_created_by>admin</sys_created_by><sys_created_on>2016-03-25 15:10:51</sys_created_on><sys_customer_update>true</sys_customer_update><sys_id>451d537213d212001cdf5aef3244b06f</sys_id><sys_mod_count>0</sys_mod_count><sys_name>u_top_secret_stuff</sys_name><sys_package display_value="Global" source="global">global</sys_package><sys_policy/><sys_replace_on_upgrade>false</sys_replace_on_upgrade><sys_scope display_value="Global">global</sys_scope><sys_update_name>sys_security_acl_451d537213d212001cdf5aef3244b06f</sys_update_name><sys_updated_by>admin</sys_updated_by><sys_updated_on>2016-03-25 15:10:51</sys_updated_on><type display_value="record">record</type></sys_security_acl></record_update>]]></payload>
<remote_update_set display_value="GlideRecordSecure - Lab 1.2">a42ed77213d212001cdf5aef3244b050</remote_update_set>
<replace_on_upgrade>false</replace_on_upgrade>
<sys_created_by>admin</sys_created_by>
<sys_created_on>2016-03-25 15:15:28</sys_created_on>
<sys_id>602ed77213d212001cdf5aef3244b051</sys_id>
<sys_mod_count>0</sys_mod_count>
<sys_updated_by>admin</sys_updated_by>
<sys_updated_on>2016-03-25 15:15:28</sys_updated_on>
<table>u_top_secret_stuff</table>
<target_name>u_top_secret_stuff</target_name>
<type>Access Control</type>
<update_domain>global</update_domain>
<update_set display_value=""/>
<view/>
</sys_update_xml>
<sys_update_xml action="INSERT_OR_UPDATE">
<action>INSERT_OR_UPDATE</action>
<application display_value="Global">global</application>
<category>customer</category>
<comments/>
<name>sys_security_acl_role_701d537213d212001cdf5aef3244b06c</name>
<payload><![CDATA[<?xml version="1.0" encoding="UTF-8"?><record_update table="sys_security_acl_role"><sys_security_acl_role action="INSERT_OR_UPDATE"><sys_class_name>sys_security_acl_role</sys_class_name><sys_created_by>admin</sys_created_by><sys_created_on>2016-03-25 15:10:51</sys_created_on><sys_customer_update>true</sys_customer_update><sys_id>701d537213d212001cdf5aef3244b06c</sys_id><sys_mod_count>0</sys_mod_count><sys_name>u_top_secret_stuff.u_top_secret_stuff_user</sys_name><sys_package display_value="Global" source="global">global</sys_package><sys_policy/><sys_replace_on_upgrade>false</sys_replace_on_upgrade><sys_scope display_value="Global">global</sys_scope><sys_security_acl display_value="u_top_secret_stuff">b41d537213d212001cdf5aef3244b06b</sys_security_acl><sys_update_name>sys_security_acl_role_701d537213d212001cdf5aef3244b06c</sys_update_name><sys_updated_by>admin</sys_updated_by><sys_updated_on>2016-03-25 15:10:51</sys_updated_on><sys_user_role display_value="u_top_secret_stuff_user" name="u_top_secret_stuff_user">181d9f3213d212001cdf5aef3244b0de</sys_user_role><transaction_id/></sys_security_acl_role></record_update>]]></payload>
<remote_update_set display_value="GlideRecordSecure - Lab 1.2">a42ed77213d212001cdf5aef3244b050</remote_update_set>
<replace_on_upgrade>false</replace_on_upgrade>
<sys_created_by>admin</sys_created_by>
<sys_created_on>2016-03-25 15:15:28</sys_created_on>
<sys_id>642ed77213d212001cdf5aef3244b051</sys_id>
<sys_mod_count>0</sys_mod_count>
<sys_updated_by>admin</sys_updated_by>
<sys_updated_on>2016-03-25 15:15:28</sys_updated_on>
<table>u_top_secret_stuff</table>
<target_name>u_top_secret_stuff.u_top_secret_stuff_user</target_name>
<type>Access Roles</type>
<update_domain>global</update_domain>
<update_set display_value=""/>
<view/>
</sys_update_xml>
<sys_update_xml action="INSERT_OR_UPDATE">
<action>INSERT_OR_UPDATE</action>
<application display_value="Global">global</application>
<category>customer</category>
<comments/>
<name>sys_dictionary_u_top_secret_stuff_u_identifier</name>
<payload>&lt;?xml version="1.0" encoding="UTF-8"?&gt;&lt;record_update&gt;&lt;sys_dictionary action="INSERT_OR_UPDATE" element="u_identifier" table="u_top_secret_stuff"&gt;&lt;active&gt;true&lt;/active&gt;&lt;array&gt;false&lt;/array&gt;&lt;attributes/&gt;&lt;audit&gt;false&lt;/audit&gt;&lt;calculation&gt;&lt;![CDATA[(function calculatedFieldValue(current) {

	// Add your code here
	return '';  // return the calculated value

})(current);]]&gt;&lt;/calculation&gt;&lt;choice/&gt;&lt;choice_field/&gt;&lt;choice_table/&gt;&lt;column_label&gt;Identifier&lt;/column_label&gt;&lt;comments/&gt;&lt;create_roles/&gt;&lt;default_value/&gt;&lt;defaultsort/&gt;&lt;delete_roles/&gt;&lt;dependent/&gt;&lt;dependent_on_field/&gt;&lt;display&gt;false&lt;/display&gt;&lt;dynamic_creation&gt;false&lt;/dynamic_creation&gt;&lt;dynamic_creation_script/&gt;&lt;dynamic_default_value/&gt;&lt;dynamic_ref_qual/&gt;&lt;element&gt;u_identifier&lt;/element&gt;&lt;element_reference&gt;false&lt;/element_reference&gt;&lt;foreign_database/&gt;&lt;internal_type display_value="String"&gt;string&lt;/internal_type&gt;&lt;mandatory&gt;false&lt;/mandatory&gt;&lt;max_length&gt;40&lt;/max_length&gt;&lt;name&gt;u_top_secret_stuff&lt;/name&gt;&lt;next_element/&gt;&lt;primary&gt;false&lt;/primary&gt;&lt;read_only&gt;false&lt;/read_only&gt;&lt;read_roles/&gt;&lt;reference/&gt;&lt;reference_cascade_rule/&gt;&lt;reference_floats&gt;false&lt;/reference_floats&gt;&lt;reference_key/&gt;&lt;reference_qual/&gt;&lt;reference_qual_condition/&gt;&lt;reference_type/&gt;&lt;sizeclass/&gt;&lt;spell_check&gt;false&lt;/spell_check&gt;&lt;staged&gt;false&lt;/staged&gt;&lt;sys_class_name&gt;sys_dictionary&lt;/sys_class_name&gt;&lt;sys_created_by&gt;admin&lt;/sys_created_by&gt;&lt;sys_created_on&gt;2016-03-25 15:10:50&lt;/sys_created_on&gt;&lt;sys_customer_update&gt;true&lt;/sys_customer_update&gt;&lt;sys_id&gt;013c5f3213d212001cdf5aef3244b054&lt;/sys_id&gt;&lt;sys_mod_count&gt;0&lt;/sys_mod_count&gt;&lt;sys_name&gt;Identifier&lt;/sys_name&gt;&lt;sys_package display_value="Global" source="global"&gt;global&lt;/sys_package&gt;&lt;sys_policy/&gt;&lt;sys_replace_on_upgrade&gt;false&lt;/sys_replace_on_upgrade&gt;&lt;sys_scope display_value="Global"&gt;global&lt;/sys_scope&gt;&lt;sys_update_name&gt;sys_dictionary_u_top_secret_stuff_u_identifier&lt;/sys_update_name&gt;&lt;sys_updated_by&gt;admin&lt;/sys_updated_by&gt;&lt;sys_updated_on&gt;2016-03-25 15:10:50&lt;/sys_updated_on&gt;&lt;table_reference&gt;false&lt;/table_reference&gt;&lt;text_index&gt;false&lt;/text_index&gt;&lt;unique&gt;false&lt;/unique&gt;&lt;use_dependent_field&gt;false&lt;/use_dependent_field&gt;&lt;use_dynamic_default&gt;false&lt;/use_dynamic_default&gt;&lt;use_reference_qualifier&gt;simple&lt;/use_reference_qualifier&gt;&lt;virtual&gt;false&lt;/virtual&gt;&lt;widget/&gt;&lt;write_roles/&gt;&lt;xml_view&gt;false&lt;/xml_view&gt;&lt;/sys_dictionary&gt;&lt;/record_update&gt;</payload>
<remote_update_set display_value="GlideRecordSecure - Lab 1.2">a42ed77213d212001cdf5aef3244b050</remote_update_set>
<replace_on_upgrade>false</replace_on_upgrade>
<sys_created_by>admin</sys_created_by>
<sys_created_on>2016-03-25 15:15:28</sys_created_on>
<sys_id>682ed77213d212001cdf5aef3244b050</sys_id>
<sys_mod_count>0</sys_mod_count>
<sys_updated_by>admin</sys_updated_by>
<sys_updated_on>2016-03-25 15:15:28</sys_updated_on>
<table>u_top_secret_stuff</table>
<target_name>u_top_secret_stuff.u_identifier</target_name>
<type>Dictionary</type>
<update_domain>global</update_domain>
<update_set display_value=""/>
<view/>
</sys_update_xml>
<sys_update_xml action="INSERT_OR_UPDATE">
<action>INSERT_OR_UPDATE</action>
<application display_value="Global">global</application>
<category>customer</category>
<comments/>
<name>sys_user_role_181d9f3213d212001cdf5aef3244b0de</name>
<payload><![CDATA[<?xml version="1.0" encoding="UTF-8"?><record_update table="sys_user_role"><sys_user_role action="INSERT_OR_UPDATE"><assignable_by/><can_delegate>true</can_delegate><description/><elevated_privilege>false</elevated_privilege><encryption_context/><grantable>true</grantable><includes_roles/><name>u_top_secret_stuff_user</name><suffix/><sys_class_name>sys_user_role</sys_class_name><sys_created_by>admin</sys_created_by><sys_created_on>2016-03-25 15:10:49</sys_created_on><sys_customer_update>true</sys_customer_update><sys_id>181d9f3213d212001cdf5aef3244b0de</sys_id><sys_mod_count>0</sys_mod_count><sys_name>u_top_secret_stuff_user</sys_name><sys_package display_value="Global" source="global">global</sys_package><sys_policy/><sys_replace_on_upgrade>false</sys_replace_on_upgrade><sys_scope display_value="Global">global</sys_scope><sys_update_name>sys_user_role_181d9f3213d212001cdf5aef3244b0de</sys_update_name><sys_updated_by>admin</sys_updated_by><sys_updated_on>2016-03-25 15:10:49</sys_updated_on></sys_user_role></record_update>]]></payload>
<remote_update_set display_value="GlideRecordSecure - Lab 1.2">a42ed77213d212001cdf5aef3244b050</remote_update_set>
<replace_on_upgrade>false</replace_on_upgrade>
<sys_created_by>admin</sys_created_by>
<sys_created_on>2016-03-25 15:15:28</sys_created_on>
<sys_id>682ed77213d212001cdf5aef3244b051</sys_id>
<sys_mod_count>0</sys_mod_count>
<sys_updated_by>admin</sys_updated_by>
<sys_updated_on>2016-03-25 15:15:28</sys_updated_on>
<table/>
<target_name>u_top_secret_stuff_user</target_name>
<type>Role</type>
<update_domain>global</update_domain>
<update_set display_value=""/>
<view/>
</sys_update_xml>
<sys_update_xml action="INSERT_OR_UPDATE">
<action>INSERT_OR_UPDATE</action>
<application display_value="Global">global</application>
<category>customer</category>
<comments/>
<name>sys_documentation_u_top_secret_stuff_u_i_was_here_en</name>
<payload><![CDATA[<?xml version="1.0" encoding="UTF-8"?><record_update><sys_documentation element="u_i_was_here" label="I was here" language="en" table="u_top_secret_stuff"><sys_documentation action="INSERT_OR_UPDATE"><element>u_i_was_here</element><help/><hint/><label>I was here</label><language>en</language><name>u_top_secret_stuff</name><plural>I was heres</plural><sys_class_name>sys_documentation</sys_class_name><sys_created_by>admin</sys_created_by><sys_created_on>2016-03-25 15:10:52</sys_created_on><sys_customer_update>false</sys_customer_update><sys_id>491d537213d212001cdf5aef3244b073</sys_id><sys_mod_count>0</sys_mod_count><sys_name>I was here</sys_name><sys_package display_value="Global" source="global">global</sys_package><sys_policy/><sys_replace_on_upgrade>false</sys_replace_on_upgrade><sys_scope display_value="Global">global</sys_scope><sys_update_name>sys_documentation_u_top_secret_stuff_u_i_was_here_en</sys_update_name><sys_updated_by>admin</sys_updated_by><sys_updated_on>2016-03-25 15:10:52</sys_updated_on><url/><url_target/></sys_documentation></sys_documentation></record_update>]]></payload>
<remote_update_set display_value="GlideRecordSecure - Lab 1.2">a42ed77213d212001cdf5aef3244b050</remote_update_set>
<replace_on_upgrade>false</replace_on_upgrade>
<sys_created_by>admin</sys_created_by>
<sys_created_on>2016-03-25 15:15:28</sys_created_on>
<sys_id>6c2ed77213d212001cdf5aef3244b050</sys_id>
<sys_mod_count>0</sys_mod_count>
<sys_updated_by>admin</sys_updated_by>
<sys_updated_on>2016-03-25 15:15:28</sys_updated_on>
<table>u_top_secret_stuff</table>
<target_name>Top Secret Stuff.I was here</target_name>
<type>Field Label</type>
<update_domain>global</update_domain>
<update_set display_value=""/>
<view/>
</sys_update_xml>
<sys_update_xml action="INSERT_OR_UPDATE">
<action>INSERT_OR_UPDATE</action>
<application display_value="Global">global</application>
<category>customer</category>
<comments/>
<name>sys_security_acl_b41d537213d212001cdf5aef3244b06b</name>
<payload><![CDATA[<?xml version="1.0" encoding="UTF-8"?><record_update table="sys_security_acl"><sys_security_acl action="INSERT_OR_UPDATE"><active>true</active><admin_overrides>true</admin_overrides><advanced>false</advanced><condition/><description>Default access control on u_top_secret_stuff</description><name>u_top_secret_stuff</name><operation display_value="create">create</operation><script/><sys_class_name>sys_security_acl</sys_class_name><sys_created_by>admin</sys_created_by><sys_created_on>2016-03-25 15:10:51</sys_created_on><sys_customer_update>true</sys_customer_update><sys_id>b41d537213d212001cdf5aef3244b06b</sys_id><sys_mod_count>0</sys_mod_count><sys_name>u_top_secret_stuff</sys_name><sys_package display_value="Global" source="global">global</sys_package><sys_policy/><sys_replace_on_upgrade>false</sys_replace_on_upgrade><sys_scope display_value="Global">global</sys_scope><sys_update_name>sys_security_acl_b41d537213d212001cdf5aef3244b06b</sys_update_name><sys_updated_by>admin</sys_updated_by><sys_updated_on>2016-03-25 15:10:51</sys_updated_on><type display_value="record">record</type></sys_security_acl></record_update>]]></payload>
<remote_update_set display_value="GlideRecordSecure - Lab 1.2">a42ed77213d212001cdf5aef3244b050</remote_update_set>
<replace_on_upgrade>false</replace_on_upgrade>
<sys_created_by>admin</sys_created_by>
<sys_created_on>2016-03-25 15:15:28</sys_created_on>
<sys_id>a02ed77213d212001cdf5aef3244b051</sys_id>
<sys_mod_count>0</sys_mod_count>
<sys_updated_by>admin</sys_updated_by>
<sys_updated_on>2016-03-25 15:15:28</sys_updated_on>
<table>u_top_secret_stuff</table>
<target_name>u_top_secret_stuff</target_name>
<type>Access Control</type>
<update_domain>global</update_domain>
<update_set display_value=""/>
<view/>
</sys_update_xml>
<sys_update_xml action="INSERT_OR_UPDATE">
<action>INSERT_OR_UPDATE</action>
<application display_value="Global">global</application>
<category>customer</category>
<comments/>
<name>sys_security_acl_role_851d537213d212001cdf5aef3244b06d</name>
<payload><![CDATA[<?xml version="1.0" encoding="UTF-8"?><record_update table="sys_security_acl_role"><sys_security_acl_role action="INSERT_OR_UPDATE"><sys_class_name>sys_security_acl_role</sys_class_name><sys_created_by>admin</sys_created_by><sys_created_on>2016-03-25 15:10:51</sys_created_on><sys_customer_update>true</sys_customer_update><sys_id>851d537213d212001cdf5aef3244b06d</sys_id><sys_mod_count>0</sys_mod_count><sys_name>u_top_secret_stuff.u_top_secret_stuff_user</sys_name><sys_package display_value="Global" source="global">global</sys_package><sys_policy/><sys_replace_on_upgrade>false</sys_replace_on_upgrade><sys_scope display_value="Global">global</sys_scope><sys_security_acl display_value="u_top_secret_stuff">f81d537213d212001cdf5aef3244b06c</sys_security_acl><sys_update_name>sys_security_acl_role_851d537213d212001cdf5aef3244b06d</sys_update_name><sys_updated_by>admin</sys_updated_by><sys_updated_on>2016-03-25 15:10:51</sys_updated_on><sys_user_role display_value="u_top_secret_stuff_user" name="u_top_secret_stuff_user">181d9f3213d212001cdf5aef3244b0de</sys_user_role><transaction_id/></sys_security_acl_role></record_update>]]></payload>
<remote_update_set display_value="GlideRecordSecure - Lab 1.2">a42ed77213d212001cdf5aef3244b050</remote_update_set>
<replace_on_upgrade>false</replace_on_upgrade>
<sys_created_by>admin</sys_created_by>
<sys_created_on>2016-03-25 15:15:28</sys_created_on>
<sys_id>a42ed77213d212001cdf5aef3244b051</sys_id>
<sys_mod_count>0</sys_mod_count>
<sys_updated_by>admin</sys_updated_by>
<sys_updated_on>2016-03-25 15:15:28</sys_updated_on>
<table>u_top_secret_stuff</table>
<target_name>u_top_secret_stuff.u_top_secret_stuff_user</target_name>
<type>Access Roles</type>
<update_domain>global</update_domain>
<update_set display_value=""/>
<view/>
</sys_update_xml>
<sys_update_xml action="INSERT_OR_UPDATE">
<action>INSERT_OR_UPDATE</action>
<application display_value="Global">global</application>
<category>customer</category>
<comments/>
<name>sys_dictionary_u_top_secret_stuff_u_i_was_here</name>
<payload>&lt;?xml version="1.0" encoding="UTF-8"?&gt;&lt;record_update&gt;&lt;sys_dictionary action="INSERT_OR_UPDATE" element="u_i_was_here" table="u_top_secret_stuff"&gt;&lt;active&gt;true&lt;/active&gt;&lt;array&gt;false&lt;/array&gt;&lt;attributes/&gt;&lt;audit&gt;false&lt;/audit&gt;&lt;calculation&gt;&lt;![CDATA[(function calculatedFieldValue(current) {

	// Add your code here
	return '';  // return the calculated value

})(current);]]&gt;&lt;/calculation&gt;&lt;choice/&gt;&lt;choice_field/&gt;&lt;choice_table/&gt;&lt;column_label&gt;I was here&lt;/column_label&gt;&lt;comments/&gt;&lt;create_roles/&gt;&lt;default_value/&gt;&lt;defaultsort/&gt;&lt;delete_roles/&gt;&lt;dependent/&gt;&lt;dependent_on_field/&gt;&lt;display&gt;false&lt;/display&gt;&lt;dynamic_creation&gt;false&lt;/dynamic_creation&gt;&lt;dynamic_creation_script/&gt;&lt;dynamic_default_value/&gt;&lt;dynamic_ref_qual/&gt;&lt;element&gt;u_i_was_here&lt;/element&gt;&lt;element_reference&gt;false&lt;/element_reference&gt;&lt;foreign_database/&gt;&lt;internal_type display_value=""&gt;boolean&lt;/internal_type&gt;&lt;mandatory&gt;false&lt;/mandatory&gt;&lt;max_length&gt;40&lt;/max_length&gt;&lt;name&gt;u_top_secret_stuff&lt;/name&gt;&lt;next_element/&gt;&lt;primary&gt;false&lt;/primary&gt;&lt;read_only&gt;false&lt;/read_only&gt;&lt;read_roles/&gt;&lt;reference/&gt;&lt;reference_cascade_rule/&gt;&lt;reference_floats&gt;false&lt;/reference_floats&gt;&lt;reference_key/&gt;&lt;reference_qual/&gt;&lt;reference_qual_condition/&gt;&lt;reference_type/&gt;&lt;sizeclass/&gt;&lt;spell_check&gt;false&lt;/spell_check&gt;&lt;staged&gt;false&lt;/staged&gt;&lt;sys_class_name&gt;sys_dictionary&lt;/sys_class_name&gt;&lt;sys_created_by&gt;admin&lt;/sys_created_by&gt;&lt;sys_created_on&gt;2016-03-25 15:10:51&lt;/sys_created_on&gt;&lt;sys_customer_update&gt;true&lt;/sys_customer_update&gt;&lt;sys_id&gt;5bdc9f3213d212001cdf5aef3244b0db&lt;/sys_id&gt;&lt;sys_mod_count&gt;0&lt;/sys_mod_count&gt;&lt;sys_name&gt;I was here&lt;/sys_name&gt;&lt;sys_package display_value="Global" source="global"&gt;global&lt;/sys_package&gt;&lt;sys_policy/&gt;&lt;sys_replace_on_upgrade&gt;false&lt;/sys_replace_on_upgrade&gt;&lt;sys_scope display_value="Global"&gt;global&lt;/sys_scope&gt;&lt;sys_update_name&gt;sys_dictionary_u_top_secret_stuff_u_i_was_here&lt;/sys_update_name&gt;&lt;sys_updated_by&gt;admin&lt;/sys_updated_by&gt;&lt;sys_updated_on&gt;2016-03-25 15:10:51&lt;/sys_updated_on&gt;&lt;table_reference&gt;false&lt;/table_reference&gt;&lt;text_index&gt;false&lt;/text_index&gt;&lt;unique&gt;false&lt;/unique&gt;&lt;use_dependent_field&gt;false&lt;/use_dependent_field&gt;&lt;use_dynamic_default&gt;false&lt;/use_dynamic_default&gt;&lt;use_reference_qualifier&gt;simple&lt;/use_reference_qualifier&gt;&lt;virtual&gt;false&lt;/virtual&gt;&lt;widget/&gt;&lt;write_roles/&gt;&lt;xml_view&gt;false&lt;/xml_view&gt;&lt;/sys_dictionary&gt;&lt;/record_update&gt;</payload>
<remote_update_set display_value="GlideRecordSecure - Lab 1.2">a42ed77213d212001cdf5aef3244b050</remote_update_set>
<replace_on_upgrade>false</replace_on_upgrade>
<sys_created_by>admin</sys_created_by>
<sys_created_on>2016-03-25 15:15:28</sys_created_on>
<sys_id>a82ed77213d212001cdf5aef3244b050</sys_id>
<sys_mod_count>0</sys_mod_count>
<sys_updated_by>admin</sys_updated_by>
<sys_updated_on>2016-03-25 15:15:28</sys_updated_on>
<table>u_top_secret_stuff</table>
<target_name>u_top_secret_stuff.u_i_was_here</target_name>
<type>Dictionary</type>
<update_domain>global</update_domain>
<update_set display_value=""/>
<view/>
</sys_update_xml>
<sys_update_xml action="INSERT_OR_UPDATE">
<action>INSERT_OR_UPDATE</action>
<application display_value="Global">global</application>
<category>customer</category>
<comments/>
<name>ua_table_licensing_config_9d1d537213d212001cdf5aef3244b07a</name>
<payload><![CDATA[<?xml version="1.0" encoding="UTF-8"?><record_update table="ua_table_licensing_config"><ua_table_licensing_config action="INSERT_OR_UPDATE"><is_fulfillment>false</is_fulfillment><name>u_top_secret_stuff</name><owner_condition/><sys_class_name>ua_table_licensing_config</sys_class_name><sys_created_by>admin</sys_created_by><sys_created_on>2016-03-25 15:10:52</sys_created_on><sys_customer_update>true</sys_customer_update><sys_id>9d1d537213d212001cdf5aef3244b07a</sys_id><sys_mod_count>0</sys_mod_count><sys_name>u_top_secret_stuff</sys_name><sys_package display_value="Global" source="global">global</sys_package><sys_policy/><sys_replace_on_upgrade>false</sys_replace_on_upgrade><sys_scope display_value="Global">global</sys_scope><sys_update_name>ua_table_licensing_config_9d1d537213d212001cdf5aef3244b07a</sys_update_name><sys_updated_by>admin</sys_updated_by><sys_updated_on>2016-03-25 15:10:52</sys_updated_on></ua_table_licensing_config></record_update>]]></payload>
<remote_update_set display_value="GlideRecordSecure - Lab 1.2">a42ed77213d212001cdf5aef3244b050</remote_update_set>
<replace_on_upgrade>false</replace_on_upgrade>
<sys_created_by>admin</sys_created_by>
<sys_created_on>2016-03-25 15:15:28</sys_created_on>
<sys_id>a82ed77213d212001cdf5aef3244b051</sys_id>
<sys_mod_count>0</sys_mod_count>
<sys_updated_by>admin</sys_updated_by>
<sys_updated_on>2016-03-25 15:15:28</sys_updated_on>
<table/>
<target_name>u_top_secret_stuff</target_name>
<type>Table Subscription Configuration</type>
<update_domain>global</update_domain>
<update_set display_value=""/>
<view/>
</sys_update_xml>
<sys_update_xml action="INSERT_OR_UPDATE">
<action>INSERT_OR_UPDATE</action>
<application display_value="Global">global</application>
<category>customer</category>
<comments/>
<name>sys_documentation_u_top_secret_stuff_u_super_important_information_en</name>
<payload><![CDATA[<?xml version="1.0" encoding="UTF-8"?><record_update><sys_documentation element="u_super_important_information" label="Super Important Information" language="en" table="u_top_secret_stuff"><sys_documentation action="INSERT_OR_UPDATE"><element>u_super_important_information</element><help/><hint/><label>Super Important Information</label><language>en</language><name>u_top_secret_stuff</name><plural>Super Important Informations</plural><sys_class_name>sys_documentation</sys_class_name><sys_created_by>admin</sys_created_by><sys_created_on>2016-03-25 15:10:52</sys_created_on><sys_customer_update>false</sys_customer_update><sys_id>411d537213d212001cdf5aef3244b074</sys_id><sys_mod_count>0</sys_mod_count><sys_name>Super Important Information</sys_name><sys_package display_value="Global" source="global">global</sys_package><sys_policy/><sys_replace_on_upgrade>false</sys_replace_on_upgrade><sys_scope display_value="Global">global</sys_scope><sys_update_name>sys_documentation_u_top_secret_stuff_u_super_important_information_en</sys_update_name><sys_updated_by>admin</sys_updated_by><sys_updated_on>2016-03-25 15:10:52</sys_updated_on><url/><url_target/></sys_documentation></sys_documentation></record_update>]]></payload>
<remote_update_set display_value="GlideRecordSecure - Lab 1.2">a42ed77213d212001cdf5aef3244b050</remote_update_set>
<replace_on_upgrade>false</replace_on_upgrade>
<sys_created_by>admin</sys_created_by>
<sys_created_on>2016-03-25 15:15:28</sys_created_on>
<sys_id>ac2ed77213d212001cdf5aef3244b050</sys_id>
<sys_mod_count>0</sys_mod_count>
<sys_updated_by>admin</sys_updated_by>
<sys_updated_on>2016-03-25 15:15:28</sys_updated_on>
<table>u_top_secret_stuff</table>
<target_name>Top Secret Stuff.Super Important Information</target_name>
<type>Field Label</type>
<update_domain>global</update_domain>
<update_set display_value=""/>
<view/>
</sys_update_xml>
<sys_update_xml action="INSERT_OR_UPDATE">
<action>INSERT_OR_UPDATE</action>
<application display_value="Global">global</application>
<category>customer</category>
<comments/>
<name>sys_security_acl_f81d537213d212001cdf5aef3244b06c</name>
<payload><![CDATA[<?xml version="1.0" encoding="UTF-8"?><record_update table="sys_security_acl"><sys_security_acl action="INSERT_OR_UPDATE"><active>true</active><admin_overrides>true</admin_overrides><advanced>false</advanced><condition/><description>Default access control on u_top_secret_stuff</description><name>u_top_secret_stuff</name><operation display_value="read">read</operation><script/><sys_class_name>sys_security_acl</sys_class_name><sys_created_by>admin</sys_created_by><sys_created_on>2016-03-25 15:10:51</sys_created_on><sys_customer_update>true</sys_customer_update><sys_id>f81d537213d212001cdf5aef3244b06c</sys_id><sys_mod_count>0</sys_mod_count><sys_name>u_top_secret_stuff</sys_name><sys_package display_value="Global" source="global">global</sys_package><sys_policy/><sys_replace_on_upgrade>false</sys_replace_on_upgrade><sys_scope display_value="Global">global</sys_scope><sys_update_name>sys_security_acl_f81d537213d212001cdf5aef3244b06c</sys_update_name><sys_updated_by>admin</sys_updated_by><sys_updated_on>2016-03-25 15:10:51</sys_updated_on><type display_value="record">record</type></sys_security_acl></record_update>]]></payload>
<remote_update_set display_value="GlideRecordSecure - Lab 1.2">a42ed77213d212001cdf5aef3244b050</remote_update_set>
<replace_on_upgrade>false</replace_on_upgrade>
<sys_created_by>admin</sys_created_by>
<sys_created_on>2016-03-25 15:15:28</sys_created_on>
<sys_id>e02ed77213d212001cdf5aef3244b051</sys_id>
<sys_mod_count>0</sys_mod_count>
<sys_updated_by>admin</sys_updated_by>
<sys_updated_on>2016-03-25 15:15:28</sys_updated_on>
<table>u_top_secret_stuff</table>
<target_name>u_top_secret_stuff</target_name>
<type>Access Control</type>
<update_domain>global</update_domain>
<update_set display_value=""/>
<view/>
</sys_update_xml>
<sys_update_xml action="INSERT_OR_UPDATE">
<action>INSERT_OR_UPDATE</action>
<application display_value="Global">global</application>
<category>customer</category>
<comments/>
<name>sys_db_object_2c3c5f3213d212001cdf5aef3244b044</name>
<payload><![CDATA[<?xml version="1.0" encoding="UTF-8"?><record_update table="sys_db_object"><sys_db_object action="INSERT_OR_UPDATE"><access>public</access><actions_access>false</actions_access><alter_access>false</alter_access><client_scripts_access>false</client_scripts_access><configuration_access>false</configuration_access><create_access>false</create_access><create_access_controls>true</create_access_controls><delete_access>false</delete_access><extension_model/><is_extendable>false</is_extendable><label>Top Secret Stuff</label><live_feed_enabled>false</live_feed_enabled><name>u_top_secret_stuff</name><number_ref/><provider_class/><read_access>true</read_access><super_class/><sys_class_name>sys_db_object</sys_class_name><sys_created_by>admin</sys_created_by><sys_created_on>2016-03-25 15:10:51</sys_created_on><sys_customer_update>true</sys_customer_update><sys_id>2c3c5f3213d212001cdf5aef3244b044</sys_id><sys_mod_count>0</sys_mod_count><sys_name>Top Secret Stuff</sys_name><sys_package display_value="Global" source="global">global</sys_package><sys_policy/><sys_replace_on_upgrade>false</sys_replace_on_upgrade><sys_scope display_value="Global">global</sys_scope><sys_update_name>sys_db_object_2c3c5f3213d212001cdf5aef3244b044</sys_update_name><sys_updated_by>admin</sys_updated_by><sys_updated_on>2016-03-25 15:10:51</sys_updated_on><update_access>false</update_access><user_role display_value="u_top_secret_stuff_user" name="u_top_secret_stuff_user">181d9f3213d212001cdf5aef3244b0de</user_role><ws_access>true</ws_access></sys_db_object></record_update>]]></payload>
<remote_update_set display_value="GlideRecordSecure - Lab 1.2">a42ed77213d212001cdf5aef3244b050</remote_update_set>
<replace_on_upgrade>false</replace_on_upgrade>
<sys_created_by>admin</sys_created_by>
<sys_created_on>2016-03-25 15:15:28</sys_created_on>
<sys_id>e42ed77213d212001cdf5aef3244b050</sys_id>
<sys_mod_count>0</sys_mod_count>
<sys_updated_by>admin</sys_updated_by>
<sys_updated_on>2016-03-25 15:15:28</sys_updated_on>
<table>u_top_secret_stuff</table>
<target_name>Top Secret Stuff</target_name>
<type>Table</type>
<update_domain>global</update_domain>
<update_set display_value=""/>
<view/>
</sys_update_xml>
<sys_update_xml action="INSERT_OR_UPDATE">
<action>INSERT_OR_UPDATE</action>
<application display_value="Global">global</application>
<category>customer</category>
<comments/>
<name>sys_security_acl_role_c91d537213d212001cdf5aef3244b06e</name>
<payload><![CDATA[<?xml version="1.0" encoding="UTF-8"?><record_update table="sys_security_acl_role"><sys_security_acl_role action="INSERT_OR_UPDATE"><sys_class_name>sys_security_acl_role</sys_class_name><sys_created_by>admin</sys_created_by><sys_created_on>2016-03-25 15:10:51</sys_created_on><sys_customer_update>true</sys_customer_update><sys_id>c91d537213d212001cdf5aef3244b06e</sys_id><sys_mod_count>0</sys_mod_count><sys_name>u_top_secret_stuff.u_top_secret_stuff_user</sys_name><sys_package display_value="Global" source="global">global</sys_package><sys_policy/><sys_replace_on_upgrade>false</sys_replace_on_upgrade><sys_scope display_value="Global">global</sys_scope><sys_security_acl display_value="u_top_secret_stuff">011d537213d212001cdf5aef3244b06e</sys_security_acl><sys_update_name>sys_security_acl_role_c91d537213d212001cdf5aef3244b06e</sys_update_name><sys_updated_by>admin</sys_updated_by><sys_updated_on>2016-03-25 15:10:51</sys_updated_on><sys_user_role display_value="u_top_secret_stuff_user" name="u_top_secret_stuff_user">181d9f3213d212001cdf5aef3244b0de</sys_user_role><transaction_id/></sys_security_acl_role></record_update>]]></payload>
<remote_update_set display_value="GlideRecordSecure - Lab 1.2">a42ed77213d212001cdf5aef3244b050</remote_update_set>
<replace_on_upgrade>false</replace_on_upgrade>
<sys_created_by>admin</sys_created_by>
<sys_created_on>2016-03-25 15:15:28</sys_created_on>
<sys_id>e42ed77213d212001cdf5aef3244b051</sys_id>
<sys_mod_count>0</sys_mod_count>
<sys_updated_by>admin</sys_updated_by>
<sys_updated_on>2016-03-25 15:15:28</sys_updated_on>
<table>u_top_secret_stuff</table>
<target_name>u_top_secret_stuff.u_top_secret_stuff_user</target_name>
<type>Access Roles</type>
<update_domain>global</update_domain>
<update_set display_value=""/>
<view/>
</sys_update_xml>
<sys_update_xml action="INSERT_OR_UPDATE">
<action>INSERT_OR_UPDATE</action>
<application display_value="Global">global</application>
<category>customer</category>
<comments/>
<name>sys_dictionary_u_top_secret_stuff_u_super_important_information</name>
<payload>&lt;?xml version="1.0" encoding="UTF-8"?&gt;&lt;record_update&gt;&lt;sys_dictionary action="INSERT_OR_UPDATE" element="u_super_important_information" table="u_top_secret_stuff"&gt;&lt;active&gt;true&lt;/active&gt;&lt;array&gt;false&lt;/array&gt;&lt;attributes/&gt;&lt;audit&gt;false&lt;/audit&gt;&lt;calculation&gt;&lt;![CDATA[(function calculatedFieldValue(current) {

	// Add your code here
	return '';  // return the calculated value

})(current);]]&gt;&lt;/calculation&gt;&lt;choice/&gt;&lt;choice_field/&gt;&lt;choice_table/&gt;&lt;column_label&gt;Super Important Information&lt;/column_label&gt;&lt;comments/&gt;&lt;create_roles/&gt;&lt;default_value/&gt;&lt;defaultsort/&gt;&lt;delete_roles/&gt;&lt;dependent/&gt;&lt;dependent_on_field/&gt;&lt;display&gt;false&lt;/display&gt;&lt;dynamic_creation&gt;false&lt;/dynamic_creation&gt;&lt;dynamic_creation_script/&gt;&lt;dynamic_default_value/&gt;&lt;dynamic_ref_qual/&gt;&lt;element&gt;u_super_important_information&lt;/element&gt;&lt;element_reference&gt;false&lt;/element_reference&gt;&lt;foreign_database/&gt;&lt;internal_type display_value="String"&gt;string&lt;/internal_type&gt;&lt;mandatory&gt;false&lt;/mandatory&gt;&lt;max_length&gt;50&lt;/max_length&gt;&lt;name&gt;u_top_secret_stuff&lt;/name&gt;&lt;next_element/&gt;&lt;primary&gt;false&lt;/primary&gt;&lt;read_only&gt;false&lt;/read_only&gt;&lt;read_roles/&gt;&lt;reference/&gt;&lt;reference_cascade_rule/&gt;&lt;reference_floats&gt;false&lt;/reference_floats&gt;&lt;reference_key/&gt;&lt;reference_qual/&gt;&lt;reference_qual_condition/&gt;&lt;reference_type/&gt;&lt;sizeclass/&gt;&lt;spell_check&gt;false&lt;/spell_check&gt;&lt;staged&gt;false&lt;/staged&gt;&lt;sys_class_name&gt;sys_dictionary&lt;/sys_class_name&gt;&lt;sys_created_by&gt;admin&lt;/sys_created_by&gt;&lt;sys_created_on&gt;2016-03-25 15:10:50&lt;/sys_created_on&gt;&lt;sys_customer_update&gt;true&lt;/sys_customer_update&gt;&lt;sys_id&gt;d76c5f3213d212001cdf5aef3244b048&lt;/sys_id&gt;&lt;sys_mod_count&gt;0&lt;/sys_mod_count&gt;&lt;sys_name&gt;Super Important Information&lt;/sys_name&gt;&lt;sys_package display_value="Global" source="global"&gt;global&lt;/sys_package&gt;&lt;sys_policy/&gt;&lt;sys_replace_on_upgrade&gt;false&lt;/sys_replace_on_upgrade&gt;&lt;sys_scope display_value="Global"&gt;global&lt;/sys_scope&gt;&lt;sys_update_name&gt;sys_dictionary_u_top_secret_stuff_u_super_important_information&lt;/sys_update_name&gt;&lt;sys_updated_by&gt;admin&lt;/sys_updated_by&gt;&lt;sys_updated_on&gt;2016-03-25 15:10:50&lt;/sys_updated_on&gt;&lt;table_reference&gt;false&lt;/table_reference&gt;&lt;text_index&gt;false&lt;/text_index&gt;&lt;unique&gt;false&lt;/unique&gt;&lt;use_dependent_field&gt;false&lt;/use_dependent_field&gt;&lt;use_dynamic_default&gt;false&lt;/use_dynamic_default&gt;&lt;use_reference_qualifier&gt;simple&lt;/use_reference_qualifier&gt;&lt;virtual&gt;false&lt;/virtual&gt;&lt;widget/&gt;&lt;write_roles/&gt;&lt;xml_view&gt;false&lt;/xml_view&gt;&lt;/sys_dictionary&gt;&lt;/record_update&gt;</payload>
<remote_update_set display_value="GlideRecordSecure - Lab 1.2">a42ed77213d212001cdf5aef3244b050</remote_update_set>
<replace_on_upgrade>false</replace_on_upgrade>
<sys_created_by>admin</sys_created_by>
<sys_created_on>2016-03-25 15:15:28</sys_created_on>
<sys_id>e82ed77213d212001cdf5aef3244b050</sys_id>
<sys_mod_count>0</sys_mod_count>
<sys_updated_by>admin</sys_updated_by>
<sys_updated_on>2016-03-25 15:15:28</sys_updated_on>
<table>u_top_secret_stuff</table>
<target_name>u_top_secret_stuff.u_super_important_information</target_name>
<type>Dictionary</type>
<update_domain>global</update_domain>
<update_set display_value=""/>
<view/>
</sys_update_xml>
<sys_update_xml action="INSERT_OR_UPDATE">
<action>INSERT_OR_UPDATE</action>
<application display_value="Global">global</application>
<category>customer</category>
<comments/>
<name>sys_documentation_u_top_secret_stuff__en</name>
<payload><![CDATA[<?xml version="1.0" encoding="UTF-8"?><record_update><sys_documentation element="" label="Top Secret Stuff" language="en" table="u_top_secret_stuff"><sys_documentation action="INSERT_OR_UPDATE"><element/><help/><hint/><label>Top Secret Stuff</label><language>en</language><name>u_top_secret_stuff</name><plural>Top Secret Stuffs</plural><sys_class_name>sys_documentation</sys_class_name><sys_created_by>admin</sys_created_by><sys_created_on>2016-03-25 15:10:52</sys_created_on><sys_customer_update>false</sys_customer_update><sys_id>c51d537213d212001cdf5aef3244b072</sys_id><sys_mod_count>0</sys_mod_count><sys_name>Top Secret Stuff</sys_name><sys_package display_value="Global" source="global">global</sys_package><sys_policy/><sys_replace_on_upgrade>false</sys_replace_on_upgrade><sys_scope display_value="Global">global</sys_scope><sys_update_name>sys_documentation_u_top_secret_stuff__en</sys_update_name><sys_updated_by>admin</sys_updated_by><sys_updated_on>2016-03-25 15:10:52</sys_updated_on><url/><url_target/></sys_documentation></sys_documentation></record_update>]]></payload>
<remote_update_set display_value="GlideRecordSecure - Lab 1.2">a42ed77213d212001cdf5aef3244b050</remote_update_set>
<replace_on_upgrade>false</replace_on_upgrade>
<sys_created_by>admin</sys_created_by>
<sys_created_on>2016-03-25 15:15:28</sys_created_on>
<sys_id>ec2ed77213d212001cdf5aef3244b050</sys_id>
<sys_mod_count>0</sys_mod_count>
<sys_updated_by>admin</sys_updated_by>
<sys_updated_on>2016-03-25 15:15:28</sys_updated_on>
<table>u_top_secret_stuff</table>
<target_name>Top Secret Stuff</target_name>
<type>Field Label</type>
<update_domain>global</update_domain>
<update_set display_value=""/>
<view/>
</sys_update_xml>
</unload>
