<?xml version="1.0" encoding="UTF-8"?>
<unload unload_date="2016-03-26 12:26:14">
<u_top_secret_stuff action="INSERT_OR_UPDATE">
<sys_created_by>admin</sys_created_by>
<sys_created_on>2016-03-25 15:14:23</sys_created_on>
<sys_id>48dd177213d212001cdf5aef3244b0b8</sys_id>
<sys_mod_count>0</sys_mod_count>
<sys_updated_by>admin</sys_updated_by>
<sys_updated_on>2016-03-25 15:14:23</sys_updated_on>
<u_i_was_here>false</u_i_was_here>
<u_identifier>Important Papers Location</u_identifier>
<u_super_important_information>shoebox in my closet</u_super_important_information>
</u_top_secret_stuff>
<u_top_secret_stuff action="INSERT_OR_UPDATE">
<sys_created_by>admin</sys_created_by>
<sys_created_on>2016-03-25 15:13:32</sys_created_on>
<sys_id>5b8dd37213d212001cdf5aef3244b0e2</sys_id>
<sys_mod_count>0</sys_mod_count>
<sys_updated_by>admin</sys_updated_by>
<sys_updated_on>2016-03-25 15:13:32</sys_updated_on>
<u_i_was_here>false</u_i_was_here>
<u_identifier>My Password</u_identifier>
<u_super_important_information>#12345#</u_super_important_information>
</u_top_secret_stuff>
<u_top_secret_stuff action="INSERT_OR_UPDATE">
<sys_created_by>admin</sys_created_by>
<sys_created_on>2016-03-25 15:14:00</sys_created_on>
<sys_id>f0bdd37213d212001cdf5aef3244b079</sys_id>
<sys_mod_count>0</sys_mod_count>
<sys_updated_by>admin</sys_updated_by>
<sys_updated_on>2016-03-25 15:14:00</sys_updated_on>
<u_i_was_here>false</u_i_was_here>
<u_identifier>High School Locker Combination</u_identifier>
<u_super_important_information>14-right-26-left-77-right</u_super_important_information>
</u_top_secret_stuff>
</unload>
